{
    "2025-09-27": {
        "cash": 8000,
        "capital": 10000,
        "passive": 10000,
        "init_position": 0.01832, 
        "position": 0.01832,
        "value": 109144.3
    }
}